images/descarga (1).jpg,9,46,98,158,Pituca
images/tiquisque_blanco.png,83,113,290,303,Pituca
images/images (4).jpg,145,102,220,147,Pituca
images/taro1.jpg,224,214,441,389,Pituca
images/840_560.jpg,109,140,691,440,Pituca
images/images (1).jpg,47,131,131,171,Pituca
images/pituca.jpg,19,69,424,389,Pituca
images/images (8).jpg,102,75,215,176,Pituca
images/taro4.jpg,302,1,479,82,Pituca
images/taro4.jpg,26,189,151,303,Pituca
images/01.jpg,245,2,401,202,Pituca
images/descarga.jpg,182,60,225,150,Pituca
images/tiquisque_blanco.png,64,13,288,122,Pituca
images/images (2).jpg,88,45,200,123,Pituca
images/TransporteCent.jpg,437,26,535,249,Pituca
images/924x530.jpg,593,223,873,498,Pituca
images/TransporteCent.jpg,332,24,458,293,Pituca
images/taro4.jpg,205,1,332,87,Pituca
images/TransporteCent.jpg,69,146,153,316,Pituca
images/dd18d1276aa50b567ca2ee317233ceba.jpg,209,158,443,856,Pituca
images/descarga (1).jpg,126,95,221,181,Pituca
images/images (9).jpg,101,59,247,184,Pituca
images/images (6).jpg,107,87,214,188,Pituca
images/pituca.jpg,337,10,686,357,Pituca
images/TransporteCent.jpg,212,3,263,80,Pituca
images/images (1).jpg,145,73,173,127,Pituca
images/descarga.jpg,89,3,180,72,Pituca
images/images (1).jpg,38,82,109,120,Pituca
images/malanga_1_800x800.jpg,451,9,800,800,Pituca
images/images-21.jpg,12,21,219,207,Pituca
images/924x530.jpg,145,383,220,431,Pituca
images/tuberculosss-1024x683.jpg,332,357,444,484,Pituca
images/descarga.jpg,29,185,224,225,Pituca
images/malanga.jpg,41,36,289,219,Pituca
images/images.jpg,4,1,130,223,Pituca
images/images (4).jpg,4,134,83,208,Pituca
images/tumblr_inline_obnvv3NZCa1sifrny_500.jpg,133,23,252,167,Pituca
images/taro4.jpg,9,99,120,212,Pituca
images/images (5).jpg,69,63,218,173,Pituca
images/taro4.jpg,120,89,300,255,Pituca
images/924x530.jpg,283,453,343,516,Pituca
images/taro4.jpg,252,220,407,382,Pituca
images/tuberculosss-1024x683.jpg,277,298,363,382,Pituca
images/taro4.jpg,451,104,554,216,Pituca
images/TransporteCent.jpg,525,54,615,231,Pituca
images/tiquisque_blanco.png,3,73,149,233,Pituca
images/TransporteCent.jpg,168,82,220,131,Pituca
images/images (7).jpg,102,4,190,186,Pituca
images/images (8).jpg,14,77,110,176,Pituca
images/raiz-de-taro-300x300.jpg,21,75,255,253,Pituca
images/tiquisque_blanco.png,228,79,397,256,Pituca
images/taro1.jpg,15,218,232,395,Pituca
images/images (5).jpg,14,55,132,135,Pituca
images/raiz-de-taro-300x300.jpg,194,11,299,179,Pituca
images/taro1.jpg,41,48,303,237,Pituca
images/taro4.jpg,294,91,445,221,Pituca
images/images.jpg,125,2,216,224,Pituca
images/images (2).jpg,26,60,98,138,Pituca
images/images (3).jpg,146,67,235,169,Pituca
images/images (7).jpg,187,15,267,179,Pituca
images/images (4).jpg,81,139,219,221,Pituca
images/450_1000.jpg,211,50,446,237,Pituca
images/raiz-de-taro-300x300.jpg,1,14,185,153,Pituca
images/images (3).jpg,56,12,165,107,Pituca
images/images (3).jpg,61,98,158,203,Pituca
images/descarga.jpg,19,66,81,161,Pituca
images/images (1).jpg,116,31,162,60,Pituca
images/malanga_1_800x800.jpg,11,11,470,777,Pituca
images/images (6).jpg,24,59,128,196,Pituca
images/taro4.jpg,475,3,588,129,Pituca
images/TransporteCent.jpg,35,52,110,157,Pituca
images/images (7).jpg,14,1,98,186,Pituca
images/images (2).jpg,66,121,139,187,Pituca
images/924x530.jpg,95,428,185,530,Pituca
images/taro4.jpg,5,3,122,106,Pituca
images/taro4.jpg,490,184,649,333,Pituca
images/images (4).jpg,71,66,148,150,Pituca
images/imagen-principal.jpg,47,50,139,145,Pituca
images/taro1.jpg,324,12,673,318,Pituca
images/descarga.jpg,61,61,178,190,Pituca
images/images (3).jpg,9,32,74,145,Pituca
